[
  {
    "batch_id": 1,
    "timestamp_utc": "2025-11-05T00:00:00Z",
    "runtime_s": 22.1,
    "ba": 0.42,
    "ghz_fidelity": 0.6,
    "ghz_ok": true,
    "did_ok": true,
    "kernel_privacy_ok": true,
    "audit_ok": true,
    "ece": 0.05,
    "calib_ok": true,
    "trust_score": 5
  },
  {
    "batch_id": 2,
    "timestamp_utc": "2025-11-05T00:02:00Z",
    "runtime_s": 23.0,
    "ba": 0.41,
    "ghz_fidelity": 0.58,
    "ghz_ok": true,
    "did_ok": true,
    "kernel_privacy_ok": true,
    "audit_ok": false,
    "ece": 0.06,
    "calib_ok": true,
    "trust_score": 4
  }
]